{"cameraMode":{"drawMode":0,"name":"Shaded","section":"Shading Mode"},"sceneLighting":true,"audioPlay":false,"sceneViewState":{"m_AlwaysRefresh":false,"showFog":true,"showSkybox":true,"showFlares":true,"showImageEffects":true,"showParticleSystems":true,"showVisualEffectGraphs":true,"m_FxEnabled":true},"in2DMode":false,"pivot":{"x":-0.22001472115516663,"y":1.8436462879180909,"z":45.87339401245117},"rotation":{"x":-0.14584214985370637,"y":0.6063324809074402,"z":-0.11422232538461685,"w":-0.7734414339065552},"size":12.332599639892579,"orthographic":false}