{"cameraMode":{"drawMode":0,"name":"Shaded","section":"Shading Mode"},"sceneLighting":true,"audioPlay":false,"sceneViewState":{"m_AlwaysRefresh":false,"showFog":true,"showSkybox":true,"showFlares":true,"showImageEffects":true,"showParticleSystems":true,"showVisualEffectGraphs":true,"m_FxEnabled":true},"in2DMode":false,"pivot":{"x":0.21433202922344209,"y":0.13597039878368379,"z":111.91548919677735},"rotation":{"x":-0.14573857188224793,"y":0.401469886302948,"z":-0.06484371423721314,"w":-0.9018760919570923},"size":0.8660253882408142,"orthographic":false}